<?xml version="1.0" encoding="UTF-8"?>
<clustering name="Stephen_Clark">"
	<entity id="1">
		<doc rank="0" />
		<doc rank="1" />
		<doc rank="2" />
		<doc rank="3" />
		<doc rank="4" />
		<doc rank="5" />
		<doc rank="6" />
		<doc rank="7" />
		<doc rank="8" />
		<doc rank="9" />
		<doc rank="10" />
		<doc rank="11" />
		<doc rank="12" />
		<doc rank="13" />
		<doc rank="14" />
		<doc rank="15" />
		<doc rank="16" />
		<doc rank="17" />
		<doc rank="18" />
		<doc rank="19" />
		<doc rank="20" />
		<doc rank="21" />
		<doc rank="22" />
		<doc rank="23" />
		<doc rank="24" />
		<doc rank="25" />
		<doc rank="26" />
		<doc rank="27" />
		<doc rank="28" />
		<doc rank="29" />
		<doc rank="30" />
		<doc rank="31" />
		<doc rank="32" />
		<doc rank="34" />
		<doc rank="35" />
		<doc rank="36" />
		<doc rank="37" />
		<doc rank="38" />
		<doc rank="39" />
		<doc rank="40" />
		<doc rank="41" />
		<doc rank="42" />
		<doc rank="43" />
		<doc rank="44" />
		<doc rank="45" />
		<doc rank="46" />
		<doc rank="47" />
		<doc rank="48" />
		<doc rank="49" />
		<doc rank="50" />
		<doc rank="51" />
		<doc rank="52" />
		<doc rank="53" />
		<doc rank="54" />
		<doc rank="55" />
		<doc rank="56" />
		<doc rank="57" />
		<doc rank="58" />
		<doc rank="59" />
		<doc rank="60" />
		<doc rank="61" />
		<doc rank="62" />
		<doc rank="63" />
		<doc rank="64" />
		<doc rank="65" />
		<doc rank="66" />
		<doc rank="67" />
		<doc rank="68" />
		<doc rank="69" />
		<doc rank="70" />
		<doc rank="71" />
		<doc rank="72" />
		<doc rank="73" />
		<doc rank="74" />
		<doc rank="75" />
		<doc rank="76" />
		<doc rank="77" />
		<doc rank="78" />
		<doc rank="79" />
		<doc rank="80" />
		<doc rank="81" />
		<doc rank="82" />
		<doc rank="84" />
		<doc rank="85" />
		<doc rank="86" />
		<doc rank="87" />
		<doc rank="89" />
		<doc rank="90" />
		<doc rank="91" />
		<doc rank="92" />
		<doc rank="93" />
		<doc rank="94" />
		<doc rank="95" />
		<doc rank="96" />
		<doc rank="97" />
		<doc rank="98" />
		<doc rank="99" />
	</entity>
</clustering>
